title,url,author,published_time,summary,body
Fantasy Football,https://www.espn.com/fantasy/football/story/_/id/40699880/fantasy-football-injuries-position-battles-nfl-news-analysis,,,Derek Stingley Jr. and Darius Slayton's wild snags headline the top plays of Week 10. (2:28),"Everything that happens in the NFL has some additional context when viewed from a fantasy football perspective. From position battles to injuries and so much more, the news cycle will constantly affect player values in fantasy football.

Our Fantasy Football Buzz file, with contributions from our ESPN fantasy writers and our NFL Nation reporters, aims to provide fantasy managers with the intel they need as news breaks around the league.

Key links: Fantasy depth charts | Weekly rankings Scoring leaders | Projections | Strength of schedule

By Stephania Bell

Jaxson Dart , QB, Giants (concussion): It was a familiar sight: Dart leaving the field and heading to the blue tent. Only this time he did not receive clearance to return to the game. Instead, Dart headed to the locker room for a more extensive concussion evaluation. He missed the remainder of the game and will now be in the return-to-play concussion protocol. As usual, there is no time frame for his recovery, which will be determined on a day-to-day basis. One thing is certain: Going forward, Dart has to avoid taking the amount of contact he has in his starts thus far if he wants to preserve his future at the position.

Dalton Kincaid , TE, Bills (right hamstring): Kincaid left Sunday's game against the Dolphins in the third quarter with a hamstring strain and is week-to-week, according to NFL reporter Jordan Schultz. Kincaid exhibited the classic sign of a hamstring strain, pulling up while running and reaching around to the back of his thigh. He then hopped off the field on his left foot, keeping his right leg slightly bent, instinctively avoiding stretching it by putting his foot to the ground. Even in the absence of a report of the severity of his injury, his response, coupled with his one-week-at-a-time status, strongly hints at him missing the Bills' upcoming game against the Buccaneers and potentially more.

Oronde Gadsden II , TE, Chargers (left knee): Gadsden's knee-to-knee contact with Steelers linebacker Payton Wilson looked immediately painful as the Chargers tight end reached for his left knee and limped off the field. He was ultimately ruled out in the third quarter and underwent an MRI on Monday morning. According to ESPN's Adam Schefter, Gadsden suffered a quad bruise and is day-to-day. The good news is that this suggests only a soft tissue injury with no fracture or bone bruising. Still, the quadriceps (front of the thigh) muscle is large and has a good blood supply, which is ultimately great for tissue healing but can also mean significant bruising (bleeding) when injured. The Chargers have no doubt initiated tissue recovery procedures in the hopes that Gadsden's absence will not be a long one. Still, as the quad is key to helping control deceleration, it's important that he regain full strength of his muscle before returning, so as to not put his knee at risk for injury.

On Sunday, Eric Moody watches football like it's his job. Because it is. Here are some of the notes he took which will inform rankings and other decisions he'll make this week and beyond.

Running Backs

After Jonathan Taylor's big game vs. the Falcons, Eric Moody details why the running back is well-positioned for continued fantasy success.

The Falcons are using more two-RB sets again, which keeps Bijan Robinson on the field even when Tyler Allgeier plays. Allgeier had 11 touches and a season-high 17.7 fantasy points thanks to two touchdowns. Robinson is lining up at wide receiver more often, and his routes run weren't far off from Drake London . If Atlanta continues using him this way, his route volume and target upside should rise, boosting his fantasy ceiling even though he has averaged just 11.4 fantasy points per game over the last three weeks, in part due to Allgeier vulturing touchdowns. Now's a great opportunity to trade for Robinson.

Tyrone Tracy Jr . operated as the Giants' primary running back, taking most of the early-down and passing-down work. He finished with 15 touches and 8.1 fantasy points, leading the backfield in both touches and routes run. Devin Singletary , however, continued to handle the short-yardage and goal-line snaps, keeping him in position to score touchdowns.

The Rams have shifted to a two-back committee, rotating Kyren Williams and Blake Corum by drive for the second straight week. Williams started and had slightly more volume, turning 16 touches into 22.4 fantasy points, while Corum finished with 13 rushing attempts. Williams remains the preferred fantasy option in the Rams backfield, but Corum's role is strong enough for him to be rostered in more than 8.5% of ESPN leagues.

The Panthers have clearly shifted to Rico Dowdle as their lead back. He handled most of the early-down work and also took over the majority of third-down snaps this week, finishing with 21 touches and 15.3 fantasy points, while Chuba Hubbard finished with just four touches. Dowdle remains a must-start, though it's still worth holding Hubbard for at least another week in case the Panthers adjusts the rotation.

Woody Marks took over the Texans' backfield, playing over 80% of the snaps after previously being in a committee. He started the game and handled most early-down and third-down snaps, suggesting this wasn't a hot-hand situation but a planned shift. Marks finished with 16 touches and 16.1 fantasy points. Nick Chubb had six touches and 6.2 fantasy points and even averaged 9.4 yards per carry, but Marks now profiles as the lead back and a reliable fantasy start, especially against a Titans defense in Week 11 that allows the fourth-most fantasy points per game to running backs.

Alvin Kamara played his second-highest share of offensive snaps since Week 3 against the Panthers. He also scored 14.5 fantasy points, his second-highest total of the season.

Aaron Jones Sr . set a season high in snaps played against the Ravens and led the running back room in routes run. He finished with 12 touches and 15.9 fantasy points, boosted by a rushing touchdown. Jordan Mason , meanwhile, had just five touches and 4.1 fantasy points. The shift might have been influenced by negative game flow with the Ravens leading, but this also marks Jones' second straight game with at least 11 fantasy points. He should be on the flex radar in Week 11 against a Bears defense that has allowed the ninth-most rushing yards per game to opponents.

Breece Hall led the Jets backfield with 22 touches and 19.5 fantasy points thanks to a 42-yard receiving touchdown, salvaging his day in an otherwise stagnant offense. The Jets produced just 169 total yards, and Hall accounted for almost three-quarters of them.

Quinshon Judkins finished with just 10.5 fantasy points against the Jets, which was disappointing, but he did lead the Browns' backfield in snaps and touches (24). Dylan Sampson did mix in on third downs, but Judkins still handled the majority of the overall workload. He's now had five games with at least 19 touches this season and has averaged 17.7 fantasy points per game in those matchups. Judkins draws an improved Ravens defense in Week 11, but this unit has still allowed the fourth-most fantasy points per game to running backs.

Sean Tucker led the Buccaneers in rushing with nine attempts for 53 yards, while Rachaad White had 10 attempts for 38 yards. With Bucky Irving missing his fifth straight game, the backfield has been a two-man committee between White and Tucker. White had dominated carries in recent weeks, but Tampa Bay has begun shifting usage, as Tucker has now outgained him on the ground in back-to-back games despite seeing one fewer attempt each time. White remains more valuable due to his receiving role, but if Irving remains out, Tucker could begin leading this backfield in rushing attempts moving forward.

Zach Charbonnet , Kenneth Walker III , and George Holani all saw touches against the Cardinals as the Seahawks built a huge lead. Charbonnet and Walker each had 14 rushing attempts, but it was Charbonnet who posted the better day, finishing with a higher yards-per-carry average, more rushing yards and a more productive fantasy outing thanks to a rushing touchdown.

Brian Robinson Jr . led the 49ers in rushing against the Cardinals, while Christian McCaffrey struggled on the ground with just 30 yards on 12 carries. McCaffrey's fantasy value remained solid through the air, as he caught eight passes for 66 yards, but his rushing efficiency continues to lag. Robinson, meanwhile, ran eight times for 41 yards and has been the more efficient runner this season, averaging more yards per carry and even more yards after contact per attempt. With Robinson running well, he could continue to see more carries.

The Commanders remained a three-back committee against the Lions, splitting early down snaps between Chris Rodriguez Jr . and Jacory Croskey-Merritt , while Jeremy McNichols continued handling most third-down work. Rodriguez was expected to see a larger role this week due to Croskey-Merritt's waning efficiency. Both backs were splitting the workload evenly before Rodriguez left the game with a shoulder injury. Rodriguez had the bigger fantasy day thanks to a rushing touchdown.

The Lions shifted to a true 50-50 running back committee against the Commanders, with Jahmyr Gibbs (18) and David Montgomery (16) each handling a similar number of touches and playing a similar number of snaps. Earlier in the season, Gibbs consistently led the backfield in snaps and touches, but against Washington the workload was evenly distributed throughout all four quarters. Some of this rotation might have been tied to the Lions' long scoring drives, but Detroit could also be managing Gibbs' workload down the stretch. If that continues, Montgomery should remain a reliable fantasy option even as Gibbs remains a fantasy star.

Wide Receivers

Eric Moody explains why fantasy managers should be more open to starting Chris Olave as he continues to produce in fantasy.

Alec Pierce (18.4) finished with the second-most fantasy points for the Colts behind Jonathan Taylor (49.6). He also saw seven targets, second on the team behind Tyler Warren (10). Over his past four games, Pierce has averaged 8.7 targets and 14.9 fantasy points. His 20.1 average depth of target for the season is the highest in the league .

Tetairoa McMillan led all Panthers pass catchers in snaps, routes run and targets, but finished with just 11 fantasy points. He remains the only Carolina pass catcher managers can trust in lineups.



Watch your favorite events in the newly enhanced ESPN App. Learn more about what plan is right for you. Sign Up Now

Parker Washington led the Jaguars in routes run and targets (7) against the Texans. He finished with just three receptions, but he did score a touchdown and added a 73-yard punt return score that boosted his fantasy output. Things are trending upward, as Washington has now seen 26 targets over his past three games. With Travis Hunter and Brian Thomas Jr . dealing with injuries, he should remain heavily involved in the Jaguars offense.

Ladd McConkey continued to reestablish himself as Justin Herbert 's No. 1 receiver, finishing with 20.7 fantasy points against the Steelers. He posted a season-high 107 yards, including a career-high 62 yards after the catch. After a slow start to the season, he has now scored at least 14 fantasy points in five of his past six games, including three with 20 or more. McConkey is heating up at the right time for fantasy managers, and the Chargers have one of the easiest remaining schedules for wide receivers.

Tight Ends/Defense

Although Mark Andrews finished with 10.4 fantasy points thanks to a receiving touchdown and has now scored 10 or more in back-to-back games, it's still difficult to feel confident starting him. Andrews, Isaiah Likely , and Charlie Kolar are all part of the Ravens' tight end rotation, with Andrews and Likely running the most routes. Andrews has simply been the one finding the end zone since Baltimore's Week 7 bye, which is unlikely to be a sustainable trend going forward.

Let's talk about the Chargers' defense. Los Angeles has held opposing quarterbacks to a 38% completion rate while under pressure this season, the third-lowest mark in the league. The Chargers have also allowed just one passing touchdown and forced five interceptions on deep throws, the best ratio in the NFL. Even more impressive, they've recorded nine interceptions while rushing only four defenders, tied for the most in the league. The Chargers are just rostered in 47.4% of ESPN leagues.

More Sunday Reactions: Taylor, Henderson shine while Jefferson, Darnold struggle

Matt Bowen shows TreVeyon Henderson love after a tremendous Week 10.

By Liz Loza

Texans' Collins produces with Mills under center

Injuries and inefficiencies have created an up-and-down season for Collins. Yet, with Davis Mills starting in place of C.J. Stroud , Nico Collins put forth a productive effort. The vet led the Houston Texans ' receiving corps, converting seven of 15 looks for a 7-136-0 stat line. Collins has now registered double-digit fantasy point totals in back-to-back games. He remains a surefire start at the position at Tennessee in Week 11.

• Weekly Rankings | Trade value index • Weekly projections and outlooks • Strength of schedule (SOS) cheat sheet • Scoring leaders | Consistency Ratings • xFP leaderboard | xTD leaderboard • Fantasy depth chart | Latest Buzz

Jaxson Dart exits early

Dart stayed hot for three quarters at Soldier Field in Week 10. The rookie signal-caller completed 19 of 29 throws for 242 passing yards. The bulk of Dart's fantasy production, however, came via the ground, as he logged 66 rushing yards and 2 scores on 6 attempts. Dart had accumulated over 26 fantasy points (going over 19 fantasy points for his fifth consecutive effort) before leaving to be evaluated for a concussion. The New York Giants host the Green Bay Packers in Week 11. It remains to be seen if Dart will clear protocol in time for next weekend's contest.

Swift leads Chicago's backfield

Despite entering the week banged up and on the heels of a dominant effort from Kyle Monangai , D'Andre Swift continued to work as the Chicago Bears ' RB1. Swift carried the ball 13 times for 80 rushing yards in blustery conditions. The vet was also active in the passing game, converting five of eight looks for 18 receiving yards. Swift ended the contest with nearly 15 fantasy points. Monangai found the end zone, but he was virtually absent as a receiver. While Swift's stock remains intact, the Bears appear to be set on utilizing a RBBC. The Bears will travel to Minnesota's dome environment in Week 11.

Jets' Wilson hurts knee in Week 10

Garrett Wilson entered Sunday's action dealing with a knee issue. The problem, obviously, persisted as the New York Jets ' WR1 left the contest early. Wilson failed to corral any of his three targets before calling it quits. The Jets' passing game is a clear disaster. Wilson's availability remains in peril, as the team is scheduled to travel to New England on Thursday night.

Jeudy comes to life against Jets

Jerry Jeudy found the end zone for the first time since Week 14 of 2024. The Alabama product was blanked in Week 8, but coming out of the Cleveland Browns ' bye, the team had plans to get the ball back in his hands. Jeudy led Cleveland's corps, managing double-digit targets and his second double-digit fantasy point total (19.8) of the season. He figures to remain on the flex radar heading into a matchup versus the Baltimore Ravens in Week 11.

TreVeyon Henderson feeds the hype machine in Week 10

With Rhamondre Stevenson (toe) sidelined, Henderson entered the week as the New England Patriots ' hopeful RB1. While it wasn't a perfect effort (he was stuffed at the 1-yard line three times over four attempts early in the contest), the rookie ultimately rose to the occasion, even returning to the game after shaking off a momentary leg issue. Henderson led the Patriots in RB attempts by a wide margin, carrying the ball 14 times for 147 rushing yards and 2 scores, including a 69-yard rushing touchdown that iced the a five-point victory over the Tampa Bay Buccaneers . He could flirt with RB2 fantasy numbers versus a thin Jets defense Thursday night."
Fantasy football 2025 offensive depth charts,https://www.espn.com/fantasy/football/story/_/id/43809872/fantasy-football-2025-offensive-depth-charts,,,"NOTE: These depth charts will be updated throughout the offseason and the 2025 NFL regular season. They do not include unrestricted free agents. Once players sign with a team, they will be added.","NOTE: These depth charts will be updated throughout the offseason and the 2025 NFL regular season. They do not include unrestricted free agents. Once players sign with a team, they will be added.

The fantasy football offensive depth charts below break down all 32 NFL teams in terms of current fantasy value for the 2025 season. It's important to note that this does not necessarily reflect a player's position on his NFL team's depth chart.

If you are looking for defensive depth charts, click here .

See more: Week 10 winners and losers | Strength-of-schedule ranks | Latest buzz

Scan through all 32 teams alphabetically below, or click the abbreviation to skip ahead to a specific team.

"
Fantasy Football,https://www.espn.com/fantasy/football/story/_/id/43810344/fantasy-football-2025-defensive-depth-charts,,,"NOTE: These depth charts will be updated throughout the offseason and the 2025 NFL regular season. They do not include unrestricted free agents. Once players sign with a team, they will be added.","NOTE: These depth charts will be updated throughout the offseason and the 2025 NFL regular season. They do not include unrestricted free agents. Once players sign with a team, they will be added.

If you are looking for offensive depth charts, click here .

Scan through all 32 teams alphabetically below, or click the abbreviation to skip ahead to a specific team.

"
Fantasy Football,https://www.espn.com/fantasy/football/story/_/id/46208309/fantasy-football-consistency-ratings-2023-2025,,,(Updated through Week 9 of 2025 NFL season),"(Updated through Week 9 of 2025 NFL season)

Using fantasy points determined by ESPN's standard scoring , the charts contained in this column rate players based upon how consistently reliable they have been during the 2023 through 2025 seasons, a span of 45 weeks' worth of games (18 weeks in 2023 and 2024 and nine so far in 2025). For IDPs (individual defensive players), the scoring from our weekly rankings is used: solo tackle (1.5), assisted tackle (0.75), tackle for loss (2), sack (4), interception (5), forced fumble (4), fumble recovery (4), touchdown (6), safety (2), pass defended (1.5). To familiarize you with the terminology and column headers listed in the charts below:

Start%: The player's ""start percentage,"" which shows how often he earned your start in an ESPN standard PPR (points per reception) league. This is his number of ""starts"" -- those defined below -- divided by his number of scheduled team games.

CR: The player's ""consistency rating,"" which is calculated as his weekly standard deviation divided by his PPR fantasy points per game average. This is meant to identify the players who were most consistently close to their weekly averages. The lower the number, the more consistent the player. Again, lower numbers are better .

nPPR%: The player's start percentage using non-PPR scoring, using ESPN's standard scoring settings without any points per reception.

FPTS/G: The player's average PPR fantasy points scored per game.

Start: The number of times that the player's point total in a given week was worthy of having had him active in an ESPN standard PPR league.

Star: The number of times the player's point total ranked among the best at his position.

Stiff: The number of times the player's point total ranked among the worst at his position, making almost any waiver-wire option a smarter choice.

These are the benchmarks for what constitutes a ""start,"" ""star"" or ""stiff"" performance:



Sat: The number of times the player missed a game. Players are not charged ""stiff"" points for sitting out, nor does it impact their overall consistency rating (CR), but it hurts their overall start percentage.

Players must have a start rate of at least 20% in either standard PPR or non-PPR scoring, rank among the top 20 quarterbacks, tight ends or kickers, top 50 running backs or wide receivers, or top 40 defensive linemen, linebackers or defensive backs, in terms of total fantasy points at their position from 2023 to 2025, or are averaging at least 50 snaps per game, for inclusion in the chart. All defense/special teams are included regardless of whether they meet those minimums.

For Consistency Ratings from the 2025 season only, click here .

Quick click by position:

Quarterbacks

Running backs

Wide receivers

Tight ends

Kickers

Team defense/special teams

Defensive linemen

Linebackers

Defensive backs"
Fantasy football consistency ratings for 2025,https://www.espn.com/fantasy/football/story/_/id/46434174/fantasy-football-consistency-ratings-2025,,,"Updated Nov. 4, 2025 (through Week 9 of 2025)","Updated Nov. 4, 2025 (through Week 9 of 2025)

Using fantasy points determined by ESPN's standard scoring , the charts contained in this column rate players based upon how consistently reliable they were during the 2024 season. For IDPs (individual defensive players), the scoring from our weekly rankings is used: solo tackle (1.5), assisted tackle (0.75), tackle for loss (2), sack (4), interception (5), forced fumble (4), fumble recovery (4), touchdown (6), safety (2), pass defended (1.5). Here are explanations of some of the terminology and column headers listed in the charts below:

Start%: The player's ""Start Percentage,"" which shows how often he earned your start in an ESPN standard league. This is his number of ""Starts"" -- those defined below -- divided by his number of scheduled team games.

CR: The player's ""Consistency Rating,"" which is calculated as his weekly standard deviation divided by his fantasy points per game average. This is meant to identify the players who were most consistently close to their weekly averages. The lower the number, the more consistent the player. Again, lower numbers are better .



nPPR%: The player's start percentage using non-PPR scoring, using ESPN's standard scoring settings without any points per reception.

FPTS/G: The player's average fantasy points scored per game.

Start: The number of times that the player's point total in a given week was worthy of having had him active in an ESPN standard league.

Star: The number of times the player's point total ranked among the top at his position.

Stiff: The number of times the player's point total ranked among the worst at his position, making almost any waiver-wire option a smarter choice.

These are the benchmarks for what constitutes a ""Start,"" ""Star"" or ""Stiff"" performance:

Sat: The number of times the player missed a game. Players are not charged ""Stiff"" points for sitting out, nor does it impact their overall Consistency Rating (CR), but it hurts their overall Start Percentage (Start%).

Players must have had a start percentage of at least 20 (""Start%"") in either standard PPR or non-PPR scoring, have ranked among the top 15 quarterbacks, tight ends or kickers, top 40 running backs or wide receivers, or top 30 defensive linemen, linebackers or defensive backs, in terms of total fantasy points at their position in 2024, or have averaged at least 40 snaps played per game (on offense, for skill position players, and defense, for IDPs) in 2024 for inclusion in the chart. All defense/special teams are included, regardless of whether they met those minimums.

For Consistency Ratings from 2023-25 combined, click here .

Quick click by position:

Quarterbacks

Running backs

Wide receivers

Tight ends

Kickers

Team defense/special teams

Defensive linemen

Linebackers

Defensive backs"
The essential guide for streaming D/STs: Lock in the Ravens for November,https://www.espn.com/fantasy/football/story/_/id/46755144/2025-fantasy-football-streaming-defense-d-st-strategy-matchups-november,,,"This season, it certainly seems as though it's easier to identify bad offenses than good defenses.","This season, it certainly seems as though it's easier to identify bad offenses than good defenses.

Every four weeks in this space, the D/ST Road Map helps fantasy managers navigate a streaming strategy through the upcoming month's games. Scrolling back through the list of most-favorable matchups from the preseason and October editions, not much has changed in the rankings. The top seven predicted D/ST matchups from the preseason edition remain among the top 10 on this month's list, while nine of the 10 from the October edition remain ranked among the same top 10.

However, the top five scoring defenses from the season's first four weeks ( Seattle Seahawks , Jacksonville Jaguars , Minnesota Vikings , Detroit Lions and Atlanta Falcons ) finished 14th, 30th, 28th, eighth and 17th in fantasy points scored per game in the month of October. These days, there's effectively no such thing as a ""set it and forget it"" D/ST.

As we're now at the bye-week peak of the fantasy football season, almost every manager is surely in need of at least a one-week plug-in. To help you navigate these important weeks just ahead of the fantasy playoffs, here is my updated D/ST Road Map for Weeks 9-12, spanning the first four weeks of November.

Here are the 10 offenses that, over the past five weeks, have been the best for streaming opposing D/STs:

1. Tennessee Titans : added 5.6 fantasy points (on average) to a D/ST's score 2. Cleveland Browns : +5.3 3. Minnesota Vikings: +5.1 4. Las Vegas Raiders : +4.4 5. New Orleans Saints : +3.7 6. New York Jets : +3.6 7. Carolina Panthers : +3.0 8. Miami Dolphins : +2.0 9. Cincinnati Bengals : +1.5 10. New York Giants : +1.1

Ranked fourth on this list four weeks ago, the Bengals have performed significantly better on offense since Joe Flacco took over for Jake Browning at quarterback in Week 6. Bengals opponents have totaled minus-4 fantasy points from their defenses over those three weeks.

We also bid adieu to the New England Patriots , who have been a much more potent offense, thanks almost entirely to the quick development of QB Drake Maye .

1. Indianapolis Colts : subtracted 6.7 points (on average) from a D/ST's score 2. Dallas Cowboys : minus-4.4 3. Buffalo Bills : minus-3.9 4. Detroit Lions: minus-3.7 5. Kansas City Chiefs : minus-3.3 6. Green Bay Packers : minus-3.0 7. Baltimore Ravens : minus-2.0 8. Seattle Seahawks: minus-1.8 9. Denver Broncos : minus-1.5 10. San Francisco 49ers : minus-1.5

The Colts have consistently ranked No. 1 on this list through eight weeks, as six of eight opposing D/STs have scored minus-3 or worse against them. They lead the league in offensive points (32.9) and total yards per game (385.3), have surrendered the second-fewest sacks (9) and committed the third-fewest turnovers (4).





Create or join a fantasy basketball league on ESPN. Your championship run starts today!

Sign up today!

They are a tough sell due to their total of just five fantasy points through seven games, but they have also played directly into the hands of their matchups in what has generally been one of the league's most challenging schedules. They've scored 18 points against their two easiest opponents and minus-14 points against their three toughest foes. Don't forget, too, that the Ravens were regarded one of the most talented defenses on paper to begin the season, the No. 3 D/ST selected (on average) in ESPN leagues.

The Ravens have played better defensive football over their last two games and, over the next four weeks, they will face nothing but top-eight positional matchups (@MIA, @MIN, @CLE, NYJ). There is no D/ST out there that brings as great a likelihood of being a ""lock 'em in for the duration"" squad right now.

Los Angeles Chargers (@TEN): They've scored at least eight fantasy points in each of their four games facing top-10 D/ST matchups.

Los Angeles Rams (NO): Dropped in 26% of ESPN leagues during their Week 8 bye, the Rams should be one of your top positional pickups this week.

Ravens (@MIA, on Thursday): Since Tyreek Hill was lost for the season, the Dolphins have averaged the fourth-fewest total yards per game (286.5).

Jaguars (@LV): Opposing D/STs have scored at least five fantasy points in every game against the Raiders.

Start 'em, above 50% rostered: Packers (CAR), Lions (MIN) Avoid: Chiefs (@BUF), Pittsburgh Steelers (IND), Vikings (@DET)

Browns (@NYJ): The last time they faced a top-10 matchup, they scored 24 fantasy points (MIA, in Week 7).

Bills (@MIA): They had their best defensive game of the season in Week 7, fresh off the bye, scoring 18 fantasy points against the Panthers.

Ravens (@MIN): D/STs have averaged 17.0 fantasy points against the Vikings in J.J. McCarthy 's two starts, and 7.8 in Carson Wentz 's five.

Jets (CLE): D/STs have averaged 7.5 fantasy points against the Browns since Dillon Gabriel took over at quarterback.

Panthers (NO): They scored 16 fantasy points in their most recent game facing a top-10 D/ST matchup.

Saints (@CAR): They have averaged 7.3 fantasy points over their past four games.

Start 'em, above 50% rostered: Broncos (LV) Avoid: Philadelphia Eagles (@GB), Falcons (@IND), Vikings (BAL)

Ravens (@CLE): Their best individual D/ST fantasy point total of 2025 came in Week 2 against these Browns (15).

Chicago Bears (@MIN): When the Bears and Vikings squared off in Week 1, the Bears D/ST scored 13 fantasy points.

Washington Commanders (@MIA): They've faced three bottom-five D/ST matchups already, scoring a combined minus-1 fantasy points in them. However, in their one game against a top-10 matchup, they scored 10 points.

Cowboys (@LV): Can one of the league's worst defenses rise to the matchup? They did score six fantasy points against the Jets in Week 5.

Start 'em, above 50% rostered: Patriots (NYJ), Falcons (CAR), Houston Texans (@TEN) Avoid: Broncos (KC), Eagles (DET), Tampa Bay Buccaneers (@BUF)

Browns (@LV): They are elite streaming options only in the even-numbered weeks, including looking ahead to Week 14 (TEN).

Ravens (NYJ): Keep close tabs on their performance over these four weeks, as they could warrant starting in Weeks 13-15 (CIN, PIT, @CIN) as well, if they rebound to the degree they might in November.

49ers (CAR): Fred Warner 's injury has hurt them, as they've totaled just five fantasy points over the past three weeks, but at least the matchup is right.

Raiders (CLE): They scored 17 fantasy points facing a similarly favorable matchup against the Titans in Week 6.

Start 'em, above 50% rostered: Falcons (@NO), Seahawks (@TEN), Packers (MIN) Avoid: Colts (@KC), Eagles (@DAL), Texans (BUF), Chiefs (IND), Vikings (@GB)"
Fantasy Football,https://www.espn.com/fantasy/football/story/_/id/46915742/fantasy-football-free-agent-pickups-waiver-wire-nfl-week-11,,,Daniel Dopp on Jahmyr Gibbs' big Week 10 performance with Dan Campbell calling plays (1:17),"The 10th Sunday of the NFL season began with an exciting overtime affair in Germany, featuring Indianapolis Colts RB Jonathan Taylor approaching 50 fantasy points, followed by another terrific outing by New England Patriots MVP candidate Drake Maye in the early-afternoon games. Then, in the late afternoon, Los Angeles Rams QB Matthew Stafford tossed four TD passes for a record third consecutive game.

Of course, this being the NFL, not everything that happened Sunday was positive. We are still waiting for New York Jets WR Garrett Wilson and Chicago Bears WR DJ Moore to score a fantasy point. Seattle Seahawks QB Sam Darnold scored only 4.92 more fantasy points than they did. Minnesota Vikings TE T.J. Hockenson scored just 2.8 points. New York Giants QB Jaxson Dart thrived again, rushing for two touchdowns, but he had to leave early due to a concussion. He may not play in Week 11.

Each Monday, before the current NFL weekend ends, we will identify players available in at least 50% of ESPN standard leagues worthy of your attention, from standard formats to deeper options. The NFL is a weekly league, and player valuation and roles seldom remain stagnant. It does not matter how you acquire players for your fantasy rosters, just that you acquire them!

Matt Bowen breaks down why Caleb Williams has what it takes to continue as a fantasy starting quarterback.

Joe Flacco , Cincinnati Bengals (33.3% rostered in ESPN leagues): Flacco comes off his bye week for a road tilt against the Pittsburgh Steelers . The last time Flacco faced the Steelers, Pittsburgh head coach Mike Tomlin was not at all happy about it. Flacco threw for 342 yards and three touchdowns (25.98 points) in an exhilarating 33-31 win. Flacco has averaged 25 fantasy points over his past four games. Chances are pretty good that your fantasy QB has not done the same.

J.J. McCarthy , Vikings (49.6%): Young McCarthy remains an unreliable fantasy option, but even as he completed fewer than half his passes in Sunday's loss, he scored 14.72 points, thanks in part to 48 rushing yards. The Vikings host the Bears in Week 11. McCarthy opened the season against these Bears and scored 22.22 points. Perhaps he can do so again.

Deep-league options/streamers/random thoughts

San Francisco 49ers fill-in Mac Jones (5.9%) didn't win his game against the Rams, but he still provided 23.06 points -- his best fantasy outing of the season. Perhaps Brock Purdy (toe) returns to start in Week 11 versus the Arizona Cardinals , but then again, we have been assuming his pending return for weeks.

At least with Cardinals fill-in Jacoby Brissett (17.4%) we know he will continue to start for a while with Kyler Murray (foot) on IR. Brissett scored 19.42 points in Sunday's blowout loss to the Seahawks. He will face the 49ers this week.

Washington Commanders fill-in Marcus Mariota (11.5%) performed capably in Sunday's blowout loss to the Detroit Lions , and he is another reasonable option for Week 11 against the Miami Dolphins .

Houston Texans backup Davis Mills (2.4%), active in 2% of ESPN leagues this week, led the position with 27.68 points on Sunday. He engineered a late drive to upend the Jacksonville Jaguars while filling in for C.J. Stroud (concussion). If Stroud is not ready to play in Week 11 against the Tennessee Titans , consider Mills because, well, it's the Titans.

Matt Bowen shows TreVeyon Henderson love after a tremendous Week 10.

Trey Benson , Cardinals (49.9%): Benson (knee) remains on IR and, while he was expected to be back in the lineup by now, he has yet to practice. Perhaps he will return this week. Emari Demercado led Cardinals running backs with 13.4 points on Sunday, but Benson -- who the franchise chose in the third round of the 2024 NFL draft to be the heir apparent to starter James Conner -- will be given every opportunity to break out, when healthy.

Tyler Allgeier , Atlanta Falcons (27.8%): Allgeier rushed for a pair of touchdowns in Atlanta's overtime loss to the Colts, giving him six for the season. While that is three times as many rushing touchdowns as star Bijan Robinson , it's still tough to rely on Allgeier. He gets more volume than most backup running backs and even has four games with double-digit PPR points. However, there have also been multiple games where he barely scored any fantasy points at all. Consider him because the Falcons play the Panthers, Saints and Jets over the next three weeks.

Tyjae Spears , Titans (37.9%): Spears and the Titans come off their bye week to face the Texans in Week 11. The Texans have their own problems on offense, and they weren't so dominant defensively in Sunday's win over the Jaguars. Spears, getting double-digit touches in recent weeks, has outscored ""starter"" Tony Pollard in three of the past four games and is trending in the right direction.

Deep-league options/streamers/random thoughts



Create or join a fantasy hockey league on ESPN. New leagues start fresh weekly! Sign up today >>

We featured New York Giants RB Devin Singletary (10.3%) last week, because it was clear Tyrone Tracy Jr . was going to share touches in the wake of Cam Skattebo 's injury. On Sunday, Tracy earned more volume, but Singletary turned three receptions into 53 yards and outscored him. Ultimately, neither Giants RB figures to help fantasy managers much, but the timeshare remains, and Singletary remains a bit too available.

As with Spears, Kansas City Chiefs backup Kareem Hunt (47.9%) comes off the bye week and may have a featured role in Week 11 at the Denver Broncos , depending on the health of Isiah Pacheco (knee). As with the Titans, neither of the Chiefs RBs is a must-play.

49ers backup Brian Robinson Jr . (21.2%) scored a rushing touchdown for the second consecutive week, which surely frustrated Christian McCaffrey 's investors. If you think Robinson can score for a third consecutive game in Week 11, go for it.

Liz Loza breaks down why Jameson Williams' recent performance against the Commanders makes him a fantasy starter in Week 11.

Tez Johnson , Tampa Bay Buccaneers (27.9%): Emeka Egbuka , the 19th pick in the 2025 NFL draft, is the star here. However, there is room for Johnson, picked 235th in the same draft, to continue posting relevant deep-league numbers. Johnson scored touchdowns on two of his five Sunday targets and he has averaged a relevant 13.3 points over his past five games. There is no telling when Chris Godwin Jr . (leg) will play again.

Mack Hollins , Patriots (0.6%): Nobody was discussing Hollins over the first seven weeks of the season, for good reasons. However, Hollins has stepped up in two of the past three games, catching seven passes for 89 yards in Week 8 and another six passes for 106 yards on Sunday. With Kayshon Boutte (hamstring) out, it appears Hollins is relevant.

Parker Washington , Jaguars (16.9%): Washington figured to play a larger role in Sunday's game against the Texans with Brian Thomas Jr . (ankle) joining Travis Hunter (knee) on the sideline. QB Trevor Lawrence , however, continued his struggles, completing only 13 passes. Washington scored an impressive sideline receiving touchdown and returned a punt for another score. He may thrive again in Week 11 against the Los Angeles Chargers .

Deep-league options/streamers/random thoughts

We have discussed Colts' deep threat Alec Pierce (36.5%) several times already this season. Pierce scored 18.4 points on four receptions in Sunday's overtime win, and he had a 17.5-point performance the prior week against the Steelers. We have a trend. Other Colts WRs caught three passes against the Falcons. The Colts are not playing in Week 11, but one can make the case to add Pierce for future weeks.

Vikings reserve Jalen Nailor (0.5%) entered Sunday with 14 receptions and 178 receiving yards in eight games. There was no reason to look his way in fantasy. Is there more reason now that he caught five passes for 124 yards and a touchdown on Sunday? Not really, unless Justin Jefferson and Jordan Addison get hurt, but dare to dream.

Liz Loza details why it's crucial for Cardinals TE Trey McBride to start on fantasy rosters.

Dalton Schultz , Texans (27%): Schultz, so statistically quiet during the first month, has scored double-digit fantasy points in four of the past five games, including 18.3 points in Sunday's last-second win. Backup QB Davis Mills targeted Schultz 11 times. The Titans are up next, and it may not matter who plays QB for Houston. Schultz is a worthy addition.

Cade Otton , Buccaneers (34.8%): Like Schultz, Otton started slowly this season and now he also boasts double-digit fantasy points in four of five games. He enjoyed season highs of nine catches, 82 yards and 12 targets on Sunday. QB Baker Mayfield is going to keep throwing the football and Otton, who was relevant in fantasy for some of last season as well when others were absent, is thriving.

Deep-league options/streamers/random thoughts

New Orleans Saints starter Juwan Johnson (35.2%) tallied an impressive 19.2 points in Week 10 and he has scored double-digit fantasy points in four consecutive contests. However, the Saints are not playing in Week 11. It may be tough for a fantasy manager to roster multiple tight ends.

Only two teams serve their bye in Week 11. One of them, the AFC South-leading Colts, boasts four key players rostered in more than 90% of ESPN leagues. Obviously, keep QB Daniel Jones , RB Jonathan Taylor, WR Michael Pittman Jr . and TE Tyler Warren rostered. WRs Josh Downs (63.6%) and Alec Pierce (36.5%) have value, but it is understandable to cut them if you need the roster spot this week. The Colts play the defensively solid Chiefs and Texans next.

As for the Saints, keep RB Alvin Kamara (93%) rostered, as his skills and role demand it. Plus, he scored 14.5 points Sunday. Keep WR Chris Olave rostered. QB Tyler Shough (1.2%) will probably still be out there in your league after the bye.





Create or join a fantasy basketball league on ESPN. Your championship run starts today!

Sign up today!

The Baltimore Ravens D/ST (50.8%) scored only six points in Sunday's win over the Vikings, but things may greatly improve the next fortnight versus the offensively challenged Cleveland Browns and Jets. Judge this Ravens D/ST unit, ravaged by injury, over its recent games and not the first half of the season.

Recommending the Miami Dolphins D/ST (1.9%) may feel wrong and there is good reason why this unit is barely rostered in ESPN leagues. However, the Dolphins kept Buffalo Bills QB Josh Allen and his buddies in check on Sunday, scoring 11 fantasy points. Next up are the Commanders. This is a streaming opportunity.

It's also reasonable to consider the Dallas Cowboys D/ST (4%), because they have scored double-digit fantasy points in two of the past three games. They will face the Las Vegas Raiders on Monday in Week 11."
