site,title,url,author,published,summary,body
CBS Sports,Fantasy Football 2025 Week 10 PPR Cheat Sheet: Player ratings to guide your toughest lineup calls,https://www.cbssports.com/fantasy/football/news/fantasy-football-2025-week-10-ppr-cheat-sheet-player-ratings-to-guide-your-toughest-lineup-calls/,ByDave Richard,2025-11-07 21:20:00 UTC,,"The Lineup Cheat Sheet was created so that you could get quick answers to your Fantasy start/sit questions with the analysis already built in. For detailed rationale, check out my latest content , including my weekly Lineup Decisions column. What do the numbers mean?

All of my analyses from the week, from data points to matchup outlooks to game-flow predictions, are basically represented by a number on a confidence scale from 1-10. The higher the number next to a player's name, the more confident I am that you should start him. The numbers are not a projection, just a confidence score to help you pick who to start. Every relevant player for this week is here, so if a player isn't listed, don't start him. To find a specific player, use your search function -- CTRL-F on PCs and Command-F on Macs. If neither of those are options, or if you're on a mobile device, you can scroll by game. If you're still unsure, just send a note on X.com ( @daverichard ) and I'll give it a look, time permitting. Remember to use the #AskFFT hashtag! If you're reading this on Sunday, please refer to our weekly rankings , which are updated in real time. Ready to get off on the right foot? Here's how to approach every play for this week in PPR leagues and you can find our Non-PPR cheat sheet ."
CBS Sports,Fantasy Football Week 10 Lineup Decisions: Michael Pittman among 'must-start' players on this week's slate,https://www.cbssports.com/fantasy/football/news/fantasy-football-week-10-lineup-decisions-michael-pittman-among-must-start-players-on-this-weeks-slate/,ByDave Richard,2025-11-07 21:21:00 UTC,,"Fantasy Football is all about the matchups. Even though you drafted your team with certain hopes and intentions, your weekly lineup decisions shouldn't be determined by the order you picked your players in. You need to check who your players play and make sure you've got the right guys in -- and the wrong guys out.

We can take some educated guesses based on coaches film, meaningful data, healthy personnel, defensive schemes, track records, and key details of offenses. The things we know can help us minimize the impact of the things we don't know. This should lead to better decisions being made.

We'll go through every game and highlight the players who aren't obvious starts and sits (because you don't need to be told to sit Noah Fant). You should feel more comfortable starting or sitting players based on the information given, and feeling comfortable with your Fantasy lineup before the games start is the best feeling in the world.

All lines from Caesars Sportsbook .

Tre Tucker is locked in as an outside receiver like he's been for pretty much every game for the Raiders, and with Jakobi Meyers' 7.0 target average out the door it stands to reason Tucker will see a few more than the 5.4 targets per game he's gotten already. What could stand to change is Tucker's average depth of target, which has clunked from 11.6 yards in his first five games to 3.1 in his past three. Even Tyler Lockett, who should play more than the 19 snaps he had in Week 9 with Meyers gone, had a higher ADOT in his first game with the Raiders than Tucker did in any of his last three. The Broncos have held opposing wideouts to 2.8 yards after the catch on the season with their best week ever coming in Week 9 at Houston without Pat Surtain II on the field. The Broncos are also third best in catch rate allowed on throws of 20-plus air yards, so even if the Raiders did opt to try using Tucker deep they'd struggle based on how Denver's done. In four games with six-plus targets this season, Tucker had one mammoth showing at Washington in Week 3 and three games with 11.1 or fewer PPR points. I wouldn't expect much more than that from Tucker this week.

JK Dobbins has had single-digit PPR points in three of his past four games but his role doesn't seem to be changing much. He's had at least 15 touches in all but one of his past six games and he's averaged over 4.0 yards per rush in all but one of those six. He's doing what's asked of him by the Broncos coaches but he's not fetching targets (13 on the year for nine receptions) and he's not scoring touchdowns (one in his past six). Rookie R.J. Harvey, meanwhile, has scored in three straight and has 23 receptions on the year (five last week), but it's not like his playing time or workload have changed. Sean Payton has not lost to a Pete Carroll-coached team since the 2013 playoffs and the minus-9.5 point spread suggests he'll win again. The Raiders have seen opposing RBs get at least 30 carries in two straight games and have still shown good efficiency (under 3.9 yards per carry in each). Still, if it's going to be a Denver win with a shot at the backs splitting 30 carries, then both are in play as at least flexes.

MUST-STARTS: Brock Bowers

STARTS: Bo Nix, Courtland Sutton (No. 2 WR), Ashton Jeanty (No. 2 RB), JK Dobbins (low-end No. 2 RB), Broncos DST

FLEX: Troy Franklin, Tre Tucker (low-end PPR flex)

SITS: Geno Smith, R.J. Harvey (desperation RB), Evan Engram, Tyler Lockett, Michael Mayer, Raheem Mostert, Raiders DST

Colts defensive coordinator Lou Anarumo's creatively used his cornerbacks through the years, but he's never had a guy like Sauce Gardner. This week will be an interesting first test -- will he play Gardner to one side of the field, or will he have him shadow Drake London? The answer lies in how the other Colts cornerbacks can perform -- Mekhi Blackmon has played decently well in place of Charvarius Ward and at least was better tackling than Jaylon Jones was in Jones' first game back. My guess is that the Colts keep things easy to start the game and keep Blackmon on one side of the field and Gardner on the other, changing things up if London and others crush Blackmon (Gardner did not shadow London in a 2023 meeting). Michael Penix Jr. has been a little more efficient throwing to his right than his left this season (higher EPA per dropback, higher QB rating, slightly higher completion rate and yards per attempt), so the Colts could open the game with Gardner defending that side. Pair Gardner's arrival with a Colts pass rush that should be free to blitz more with the stud cornerback defending large swaths of the field and a QB in Penix who doesn't get the ball out super-fast like Aaron Rodgers did against Indy last week and the Colts should be improved.

After last week's loss at Pittsburgh, Colts coach Shane Steichen expressed remorse in how he prepped his offensive line for the Steelers pass rush and lamented not being more balanced on offense. His chance at redemption comes this week against a Falcons pass rush ranked first in blitz rate. He can negate that with a combination of Jonathan Taylor runs and quick throws from Daniel Jones. Dink-and-dunk throws from Jones aren't anything new, and he could easily follow the footsteps Tua Tagovailoa had against Atlanta two weeks ago when he got the ball out fast and turned in a great performance while negating the Falcons pass rush. If and when that happens, don't expect either Josh Downs or Alec Pierce to be big-time contributors; even though Downs has a very high 37.2% target per route rate when Jones has gotten the ball out under 2.5 seconds, he hasn't done a ton with it. Pierce's rate isn't even one-third of Downs'. And if Taylor gets back to attacking on the ground then there won't be much upside for Jones' numbers either.

MUST-STARTS: Jonathan Taylor, Bijan Robinson, Drake London, Michael Pittman

STARTS: Daniel Jones (borderline No. 1/2 QB), Tyler Warren, Kyle Pitts (borderline No. 1/2 TE), Colts DST (bye next week)

FLEX: Josh Downs (low-end PPR flex)

SITS: Michael Penix Jr., Alec Pierce (desperation WR), Darnell Mooney, Tyler Allgeier, Ameer Abdullah, Falcons DST (vs. CAR next week)

Rashid Shaheed averaged 7.3 targets and a 22.2% target per route run rate for the Saints. The void left by his absence will probably be split up by everyone else on the team but especially reception machine Chris Olave and tight end Juwan Johnson. In effectively six quarters of play with Tyler Shough in Weeks 8 and 9, Johnson saw 10 targets and turned them into a cumulative 6-66-1 stat line. Given the lack of other quality receivers in New Orleans, it's a pretty safe bet we'll see Johnson continue to get looks from Shough, elevating his value this week and rest of season. Four tight ends have topped 10 PPR points against the Panthers this year, a number that would have probably been five if not for Tucker Kraft's injury last week (he and Luke Musgrave combined for 10.4). You could literally add Johnson off waivers and start him in Week 10.

MUST-STARTS: Rico Dowdle

STARTS: Chris Olave (flex in non-PPR), Tetairoa McMillan (low-end No. 2 WR), Panthers DST (one week only)

FLEX: Alvin Kamara

SITS: Bryce Young, Tyler Shough, Jalen Coker, Brandin Cooks, Devin Neal, Chuba Hubbard, Xavier Legette, Ja'Tavion Sanders, Devaughn Vele, Saints DST

I thought both Tyrone Tracy Jr. and Devin Singletary had some good moments for the Giants. Both are shifty and Tracy had more juice than Singletary, but together they did give the Giants a semblance of a run game with make-you-miss traits. Obviously Fantasy managers would prefer for New York to roll with one of them and not split the work up like they did -- Singletary played 55% of the snaps including all five of their snaps inside the 10-yard line and had 8-43-0 rushing and 2-8-0 receiving compared to Tracy's 45% of snaps, 5-18-0 rushing and 3-19-0 receiving. Chicago's run defense has been pretty great over its past four games excluding garbage time (3.7 yards per carry, 4.2% explosive run rate allowed, two touchdowns to Derrick Henry), so it's not such a good matchup for either one. Tracy is the more talented athlete at this point but Singletary will do more pass blocking and seems better suited for goal-line work (Tracy has 19 snaps, four rushes and one fumble inside the 5-yard line over his last 23 games). The edge in high-value touches should put Singletary a smidge higher than Tracy in Fantasy rankings, but neither is any better than a desperation starter.

And so if the Giants run game is a co-op mess, bank on the Giants leaning into Jaxson Dart just as they have since Week 4, especially against a Bears defense that's had a hard time creating pass rush pressure. It's huge for Dart, who is much more effective when unpressured (70% completion rate, 7.0 yards per attempt, 6.9% TD rate) than pressured (40% completion rate, 6.0 yards per attempt, 2.2% TD rate). Both Wan'Dale Robinson and Darius Slayton have seen a jump in targets per route run when Dart's not pressured this season to at least 24.7% for each. That's big, especially against a Bears defense that gave up 17-plus PPR points to three Bengals receivers last week. Theo Johnson's also in play -- a tight end has scored 10.8-plus PPR against Chicago in three of its past four, and the lone game one didn't Mark Andrews and Charlie Kolar combined for 14.4.

In their past two games together, Swift has had just a slight lead in terms of overall snaps played (52% and 50% compared to 46% and 45% for Monangai). That equality has not been the same in terms of carries (Swift had 19 to Monangai's 13 in Week 7, 11 to 7 in Week 8) or total touches (Swift had 20 to Monangai's 15 in Week 7, 13 to 7 in Week 9), but it's obviously been close. In New York's past five games they've yielded 5.7 yards per rush to running backs, and that includes a 3.8-yard average against the Saints in Week 5 (throw it out and the rushing average balloons to 6.1). Dexter Lawrence's play has clearly been impacted by his injury and the linebackers aren't doing a good job slamming on the run. As a team the Giants missed 10 tackles last week. It should set up for a lot of good, high-efficient work from both Swift and Monangai, though Swift's edge in carries/touches as well as working near the goal line and on third downs make him more appealing. But in a week where there aren't a lot of reliable running backs, Monangai sets up as a 10-touch, 60-yard runner with some touchdown potential, especially if the game ends up being high scoring.

STARTS: Jaxson Dart, Caleb Williams, D'Andre Swift, Rome Odunze, Wan'Dale Robinson (low-end No. 2 PPR WR)

FLEX: D.J. Moore, Darius Slayton, Kyle Monangai

SITS: Devin Singletary and Tyrone Tracy Jr. (desperation RBs), Theo Johnson (high-end No. 2 TE), Colston Loveland (desperation TE), Bears DST, Giants DST

Expect a low-scoring game here, which is how most Texans games go. Houston brings a lot of pass rush pressure but struggle to rack up a ton of sacks. Behind that D-line is one of the best secondaries in football; only eight touchdowns have been caught on them and half were by wide receivers. The only two receivers with more than 80 yards against the Texans? Jaxon Smith-Njigba and Puka Nacua, both of whom had 11-plus targets. This is not the matchup to trust Jakobi Meyers in his first game with the Jaguars in. As for Parker Washington, his nine-plus targets in two straight games offers some hope that he can be just the third receiver to have 10-plus PPR points while playing at least 40% of his snaps in the slot against the Texans.

STARTS: Nico Collins, Travis Etienne (No. 2 RB), Dalton Schultz, Texans DST (at TEN in Week 11)

FLEX: Parker Washington (high-end PPR flex), Woody Marks

SITS: Trevor Lawrence, Davis Mills, Dalton Schultz (high-end No. 2 PPR TE), Nick Chubb, Bhayshul Tuten, Christian Kirk, Xavier Hutchinson, Brenton Strange (stash!), Jaguars DST (high-end No. 2 DST)

With Jaelan Phillips now in Philly and Chop Robinson unsure to play, it's especially hard to see how the Dolphins can rush Josh Allen and slow down the Bills offense down. Miami couldn't hang with the Bills back in Week 3 when they did have Phillips (and Tyreek Hill), so it's unlikely they can hang now. Their best bet is to run the ball with both De'Von Achane and Ollie Gordon to try and take advantage of a defense that's allowed 4.9 yards per rush over its past four games excluding garbage time. That may keep the Dolphins close in the first half but it's easy to see the Bills pull away in the second half, potentially with their own run game as Miami's let up 5.3 yards per rush in its past five. Buffalo has scored 30-plus on Miami in three straight.

MUST-STARTS: Josh Allen, James Cook, De'Von Achane

STARTS: Jaylen Waddle, Dalton Kincaid, Bills DST

FLEX: Khalil Shakir (PPR)

SITS: Tua Tagovailoa, Ollie Gordon, Greg Dulcich, Malik Washington, Ray Davis, Keon Coleman, Elijah Moore, Ty Johnson, Dolphins DST

I thought J.J. McCarthy played much better than expected last week in a hostile environment against a really good Lions pass rush. A rushing touchdown made all the difference in Fantasy but his mobility out of the pocket was again a much-needed asset to help the Vikings pull off the win. He'll have an easier matchup this week versus a Ravens defense that's struggled to get pass rush pressure rate higher than 27.6% on quarterbacks for five straight weeks (eight total sacks). I don't view the addition of journeyman Dre'Mont Jones to be a major difference-maker for Baltimore, and as long as the Vikings offensive line holds up then McCarthy should be in position to make some throws to his top receivers while also utilizing Aaron Jones out of the backfield.

MUST-STARTS: Lamar Jackson, Derrick Henry, Justin Jefferson (No. 2 WR)

STARTS: Zay Flowers, Mark Andrews, Aaron Jones (low-end No. 2 RB)

FLEX: Jordan Addison (borderline No. 2/3 WR)

SITS: J.J. McCarthy, T.J. Hockenson (high-end No. 2 TE), Jalen Nailor, Rashod Bateman (desperation WR), Jordan Mason, Ravens DST, Vikings DST

Obviously there have been some wholesale changes to the Jets defense this week. Cleveland would be nuts not to attack on the ground considering Quinnen Williams' departure, safety Andre Cisco's absence and Quincy Williams' benching. <i>With</i> those guys the Jets allowed 4.0 yards per carry, two touchdowns and a 4.3% explosive run rate over 16 carries -- not too bad. Without them I just don't think the Jets have enough beyond Jamien Sherwood and Malachi Moore to make a lot of stops. Both Sherwood and Moore will be part of the coverage assigned to the Browns tight ends as well, and both have been pretty good at making tackles and limiting yards after the catch. That'll be crucial since both Harold Fannin (23.9%) and David Njoku (25.6%) have the two highest target per route run rates among pass-catchers with Dillon Gabriel this season. Both should be busy.

MUST-STARTS: Garrett Wilson, Breece Hall (No. 2 RB)

STARTS: Quinshon Judkins, Harold Fannin Jr., David Njoku, Browns DST

SITS: Justin Fields (high-end No. 2 QB), Dillon Gabriel, Mason Taylor (high-end No. 2 TE), Tyler Johnson, Isaiah Davis, Adonai Mitchell (deep stash), Dylan Sampson, Jerome Ford, Jets DST

Two games ago both Baker Mayfield and Emeka Egbuka didn't look right in the Bucs' lopsided loss at the Lions. One game ago the Bucs defense helped them build a lead on the Saints and the offense opted for a slow-paced, run-heavy approach over just nine drives in a blowout win. This is to suggest that we haven't seen the Bucs offense look like themselves since Week 6, and even then they leaned on the run. New England's run defense has been amazing, holding RBs over their past five games excluding garbage time to 3.0 yards per carry with zero rush TDs and a 1.4% explosive rush rate allowed. That's insanely good. However, the Patriots pass rush hasn't been dominant since their win over the Titans and the Bucs offensive line should not only be rested but deeper with tackle Luke Goedeke having a chance to return. Christian Gonzalez's presence would help the defense in a big way, especially against Egbuka, but even if he plays this feels like a bounce-back game for Baker Mayfield since he should have to do a lot of passing.

STARTS: Drake Maye, Baker Mayfield, Emeka Egbuka, TreVeyon Henderson and Rachaad White (both low-end No. 2 RBs), Patriots DST (low-end DST)

FLEX: Stefon Diggs, DeMario Douglas, Tez Johnson

SITS: Cade Otton (borderline No. 1/2 TE), Hunter Henry, Sean Tucker (stash!), Terrell Jennings (desperation RB), Kyle Williams (deep stash), Buccaneers DST

Jacoby Brissett has been great in his past three starts and has conquered a good pass rush already this year, but playing at Seattle will be very difficult. The Seahawks, a zone-heavy defense, tends to consistently get pass rush pressure without blitzing. That's a big problem for Brissett, who when pressured has a 44.2% completion rate, 6.0 yards per attempt, zero touchdowns and a drop in catchable pass attempts from 95.7% to 67.4%. It'll be even worse for his run game as the Seahawks have been unreal against the run in their past four games, so it's fair to expect Brissett to throw a lot. That volume could result in some high numbers, but some high turnovers too. Just two QBs have scored more than 20.8 Fantasy points on the Seahawks, and both faced them with not just cornerback Devon Witherspoon out but other Seahawks defensive starters missing the game. They're expected to be healthy for Week 10. This is a good week to avoid Brissett if you can since he has much more downside than usual.

Arizona's defense is healthy and had many good moments last week at Dallas but still couldn't wrangle a pass rush pressure rate higher than 36%, which was their second-highest mark in a game this year. That should bode well for Sam Darnold, who has scored at least 18.1 Fantasy points in five of six games when he's been pressured under 40% of the time with 20.7 points in four of those five. And it absolutely helps him to have Rashid Shaheed, a downfield receiver who played in this same offensive system in 2024. Shaheed should be acclimated quickly and may alter how defenses plot against the Seahawks, including how they approach the Seattle run game. No longer can defenses key in on Jaxon Smith-Njigba and take their chances with other Seahawks pass-catchers without paying. It should mean more light boxes for Seattle to run into and, theoretically, better efficiency for their running backs. Better blocking would help. Arizona's run defense remained suspect last week and could be ripe for some modest numbers versus Seattle's rushing duo. I think Darnold can be pretty good, but the Cardinals pass defense deserves at least a little credit, so don't expect a huge game.

MUST-STARTS: Jaxon Smith-Njigba, Trey McBride

STARTS: Marvin Harrison Jr., Kenneth Walker III (low-end No. 2 RB), Seahawks DST

FLEX: Zach Charbonnet (low-end flex)

SITS: Sam Darnold (high-end No. 2 QB), Jacoby Brissett (bye-week QB), Michael Wilson, Emari Demercado (desperation RB), Zonovan Knight, Cardinals DST

The 49ers took it to the Rams in their Week 5 matchup, overcoming their pass rush by getting the ball out fast (2.4 seconds on average by Mac Jones, who leaned on his connection with Kendrick Bourne to help break the Rams). Since then the 49ers defense has lost several more key starters and has struggled to develop a pass rush, and the Rams have improved their secondary and remain one of the best overall defenses in the league. There hasn't been a blowout in the series since late October 2022 when the Niners won 31-14. Figure the 49ers scheme to keep things close with short passes again, but this time George Kittle and Jauan Jennings help out much more than Bourne.

MUST-STARTS: Christian McCaffrey, Kyren Williams, Puka Nacua, Davante Adams

STARTS: Matthew Stafford, George Kittle

FLEX: Jauan Jennings

SITS: Mac Jones, Kendrick Bourne, Tyler Higbee, Blake Corum, Brian Robinson Jr., Rams DST (high-end No. 2 DST), 49ers DST

No Jayden Daniels, no Terry McLaurin, no quality pass rush and a Lions team coming to D.C. after a tough home loss. You couldn't have come up with a worse nightmare scenario for the Commanders in Week 10. Against Seattle last week the Commanders got a pass rush pressure on 12.5% of the Seahawks' dropbacks. That's really bad and potentially a green light for Jared Goff to tee off against a Commanders secondary that prefers to play man-to-man coverage. Usually man-to-man coverage brings out the best target per route run rate in Amon-Ra St. Brown, not Sam LaPorta or Jameson Williams. And LaPorta's worst games are typically when the Lions and especially Jahmyr Gibbs can't get going (Week 9 is the most recent example). Starting LaPorta is something we'll all do, but maybe don't expect anything like last week. Gibbs should bounce back and even David Montgomery has a shot at another score in what figures to be a Lions blowout.

With the Lions run defense so strong, this should be the game the Commanders lean into Deebo Samuel on screens and slants as a change-up to handing off. Problem is that Samuel has not looked like himself since coming back from injury a few weeks ago. He did get loose for a 19-yard catch-and-run last week but he otherwise was simply a short-area target. And it gets worse with Marcus Mariota under center: On the year Samuel has an 18.3% target per route run rate. By comparison, Terry McLaurin's was 26.7% with Mariota, that's really good. In games without McLaurin, Samuel's rate has gone <i>down</i> to 12.5%! Samuel is OK as a PPR flex but I'd be nervous starting him even then.

MUST-STARTS: Jahmyr Gibbs, Amon-Ra St. Brown

STARTS: Jared Goff, David Montgomery, Sam LaPorta, Lions DST

FLEX: Deebo Samuel (PPR), Jameson Williams

SITS: Marcus Mariota, Zach Ertz, Jeremy McNichols (desperation PPR RB), Jaylin Lane (deep stash), Jacory Croskey-Merritt, Chris Rodriguez, Commanders DST

The Steelers edge rushers and defensive line were amped up last week, rattling the Colts offensive line and making big plays in the backfield both against Daniel Jones and Jonathan Taylor. I'm not sure how much of that is transferable to this week's matchup but it will absolutely help them that the Chargers won't have Joe Alt at left tackle. Many Chargers metrics, including their offensive EPA and Justin Herbert's passing efficiency, are starkly different without Alt on the field. That includes Herbert's time to throw average (3.01 with Alt, 2.85 without Alt) and average depth of throw (9.1 air yards with Alt, 6.9 without Alt), both clearly hinting at Herbert throwing shorter so as to avoid getting shellacked. This figures to especially help not just Ladd McConkey but also Keenan Allen and Oronde Gadsden II while hurting Quentin Johnston (Allen less as much because his route rate has dipped in consecutive weeks). We've already seen the Steelers allow 15-plus PPR points to multiple wide receivers in four games this year (including last week!), and they've given up at least 9.8 half-PPR points to tight ends in five of their past seven. Expect Herbert to get the ball out quickly to short-area targets.

I also wouldn't pencil in a heavy workload for Kimani Vidal. By the second half, Jaret Patterson was mixing in with Vidal and actually outproduced him, so much so that the coaches gave Patterson the snaps to close out their seven-point win over the Titans. This doesn't mean that Patterson is suddenly an option in Fantasy, but any work he picks up as a result obviously diminishes Vidal's upside. It doesn't help that the Steelers are fresh off of slowing down Jonathan Taylor and limiting Josh Jacobs in consecutive weeks.

MUST-STARTS: Ladd McConkey

STARTS: Justin Herbert, Jaylen Warren, Kimani Vidal (low-end No. 2 RB), Oronde Gadsden II, DK Metcalf, Chargers DST (low-end DST) FLEX: Quentin Johnston and Keenan Allen (Johnston higher in non- and half-PPR)

SITS: Aaron Rodgers, Calvin Austin III (desperation WR), Kenneth Gainwell, Pat Freiermuth (stash), Jonnu Smith, Steelers DST (tough matchups until maybe Week 15)

All season long, Jordan Love's Achilles heel has been pass rush pressure. He has yet to throw a touchdown under pressure, has completed just 37.7% of his throws when pressured, has a catchable attempt rate of 68.8% when he's pressured and averages a weak 4.7 yards per attempt when pressured. And now he'll take on an Eagles defense that was already better than league average in pass rush pressure rate and added edge rusher Jaelan Phillips, who has experience working in this specific defensive scheme. It sure doesn't help that Tucker Kraft, the guy with an 18.7% target per route run rate when Love's been pressured, is out for the year.

MUST-STARTS: Jalen Hurts, Saquon Barkley, Josh Jacobs

STARTS: DeVonta Smith, A.J. Brown, Dallas Goedert, Eagles DST

FLEX: Romeo Doubs (high-end flex), Christian Watson

SITS: Jordan Love, Luke Musgrave, Matthew Golden, Emanuel Wilson, Packers DST"
CBS Sports,"Fantasy Football Week 10 Start 'Em & Sit 'Em: Jaxson Dart is Start of the Week, plus sleepers at all positions",https://www.cbssports.com/fantasy/football/news/nfl-start-em-sit-em-week-10-jaxson-dart-sleepers/,ByJamey Eisenberg,2025-11-09 13:45:00 UTC,,"Week 10 has already been a lot of fun with the NFL trade deadline on Tuesday, and hopefully the games will be exciting as well. We're entering the stretch run of the Fantasy season, and I hope many of you are gearing up for the playoffs.

We didn't get all the trades we wanted, especially with Breece Hall staying with the Jets. But the Jaguars and Seahawks reshaped their receiving corps, and it should be interesting to see how Jakobi Meyers does in Jacksonville, as well as what Rashid Shaheed can do in Seattle.

We also get to see the fallout of those trades in Las Vegas and New Orleans, and hopefully guys like Tre Tucker and Chris Olave will benefit with more targets coming their way. Hopefully, everyone wins -- in Fantasy and reality -- with these moves.

In Week 10, we have four teams on a bye with Cincinnati, Dallas, Kansas City and Tennessee. That means a lot of star power is missing. And, more importantly, two matchups that we love to target with the Bengals and Cowboys.

Have no fear, your Fantasy teams will still be fine. So let's see who you should start and sit in this crucial scoring period.

Pick NFL at Underdog Fantasy , where new users who play $5 now get $100 in site credits with promo code CBSSPORTS2 in select states.

Browns (at NYJ)

The Browns defense went into the bye with 10 sacks in the past two games against Tua Tagovailoa, along with four interceptions and two fumble recoveries. The Jets have been sacked at least four times in five games this season, and they have scored 11 points or less in two of their past three games. I like the Browns as the No. 1 DST in Week 10.

Bills (at MIA) Panthers (vs. NO) Ravens (at MIN)

Packers (vs. PHI)

The Packers defense was disappointing in Week 9 against Carolina with one sack, one interception and 16 points allowed against the Panthers. Green Bay also allowed at least 23 points in two prior games against Arizona and Pittsburgh, and this is a bad matchup against the Eagles. Philadelphia has scored at least 28 points in four of the past six games, and the Eagles only have three turnovers on the season. I would avoid the Packers DST in most leagues in Week 10."
CBS Sports,Fantasy Football Week 11 Waiver Wire: Stash Joe Burrow now and stream Joe Flacco while you can,https://www.cbssports.com/fantasy/football/news/fantasy-football-week-11-waiver-wire-stash-joe-burrow-now-and-stream-joe-flacco-while-you-can/,ByJamey Eisenberg,2025-11-11 00:44:50 UTC,,"The biggest news heading into Week 11 might be the eventual return of Joe Burrow (toe), who has been out since Week 2. Burrow told Jay Glazer of FOX Sports that he expects to be back by Week 13, which means he's ahead of his original three-month timeline. Burrow is rostered in 50 percent of leagues on CBS Sports, so Fantasy managers should add him now, where available, especially if you're headed for the playoffs. When healthy, Burrow is a top-five Fantasy quarterback in all leagues. I would still roster Joe Flacco (74 percent) until Burrow is back, and Flacco should be considered a No. 1 quarterback in all leagues in Week 11 at Pittsburgh. In four starts with the Bengals , Flacco is averaging 30.4 Fantasy points, which is incredible. In other injury news, Jaxson Dart (concussion), J.K. Dobbins (foot), Davante Adams (oblique), Garrett Wilson (knee), Oronde Gadsden II (knee), and Dalton Kincaid (hamstring) were all hurt in Week 10. We're keeping an eye on status reports for all of these guys prior to Week 11, but Fantasy managers should start trying to find replacement options now, just in case any of them are out. We also have two teams on a bye with Indianapolis and New Orleans. This should be another busy week on the waiver wire.

Editor's note: For this waiver wire column, we are only looking at players rostered in less than 65 percent of CBS Sports leagues.

On a bye : Daniel Jones and Tyler Shough . Injuries : Jaxson Dart (concussion), Geno Smith (quadriceps), Jayden Daniels (elbow), Brock Purdy (toe), Kyler Murray (foot), C.J. Stroud (concussion), Joe Burrow (toe), and Anthony Richardson (eye). Check to see if available in shallow leagues : Joe Flacco (74 percent rostered) and Aaron Rodgers (71 percent). Flacco might only have two more starts with the Bengals, with Burrow hoping to return in Week 13. But in Week 11 at Pittsburgh, I like Flacco as a low-end No. 1 quarterback in all leagues, and he is averaging 30.4 Fantasy points in four starts with Cincinnati. ... Rodgers was bad at the Chargers with 8.4 Fantasy points, and he has combined for just 22.6 points in his past two outings against Los Angeles and Indianapolis. But in Week 11, Rodgers gets to face the Bengals, who are No. 2 in most Fantasy points allowed to opposing quarterbacks. And he gets the Bears in Week 12, which is another favorable opponent, so Rodgers could be a useful starter for the next two games. Drop candidates : Jayden Daniels (74 percent rostered), Trevor Lawrence (60 percent), Kyler Murray (50 percent), and Justin Fields (48 percent). Daniels was not placed on injured reserve, which means he can still return this season, but the earliest he would play is Week 13. Since there's no guarantee of his return -- and Washington should not rush him back at this point -- Fantasy managers can drop him for now. ... Lawrence had a rough game at Houston in Week 10 with 11.8 Fantasy points, and now he gets to face the Chargers in Week 11 and Arizona in Week 12, which are difficult matchups. We don't know when Brian Thomas Jr . (ankle) will return, so Lawrence is only worth rostering in Superflex and two-quarterback leagues. ... Murray is on injured reserve, and the earliest he could play is Week 14. However, the Cardinals will likely stick with Jacoby Brissett for the rest of the season if healthy, so Murray is not worth rostering in the majority of leagues.

Add in this order:

On a bye: Jonathan Taylor and Alvin Kamara . Injuries: J.K. Dobbins (foot), Zonovan Knight (ankle), Terrell Jennings (knee), Chris Rodriguez (shoulder), Bucky Irving (shoulder), Rhamondre Stevenson (toe), Isiah Pacheco (knee), Samaje Perine (ankle), Omarion Hampton (ankle), Trey Benson (knee), Joe Mixon (foot), Braelon Allen (knee) and MarShawn Lloyd (hamstring). Check to see if available in shallow leagues: Trey Benson (82 percent rostered), Isiah Pacheco (77 percent), and Tyjae Spears (70 percent). It was disappointing that Benson (knee) didn't return in Week 11 when first eligible to come off injured reserve, and hopefully he'll be back in Week 12. When healthy, he could be a No. 2 Fantasy running back in all leagues. ... Pacheco (knee) missed Week 9 at Buffalo before a bye in Week 10, but he's expected back in Week 11 at Denver. He's been a disappointment so far this season, but maybe there's a chance he can close the year on a high note. He's not a bad stash candidate at the end of your bench. ... Spears went into his bye in Week 10 having scored at least nine Fantasy points in three of his past four games. He can be a potential flex option in all leagues, and he would be a borderline starter in all leagues if Tony Pollard ever missed any time. Drop candidates: Nick Chubb (71 percent rostered), Zonovan Knight (65 percent), and Kenneth Gainwell (45 percent). Chubb played a season-low 10 snaps in Week 10 against Jacksonville. The Texans appear to be turning the backfield over to Woody Marks , and Chubb has minimal Fantasy value moving forward if he's in a reduced role. ... Knight (ankle) might not be able to play in Week 11 against San Francisco after getting hurt in Week 10 at Seattle. And he's been limited to a combined 11 PPR points in his past two games against the Cowboys and Seahawks . Benson could also return soon, and Emari Demercado appears to be the favored running back in Arizona for now. There's little reason to roster Knight in the majority of leagues heading into Week 11. ... Gainwell is worth holding if you want to handcuff Jaylen Warren , but Gainwell's role has diminished in the past four games with a combined 16.8 PPR points over that span. In Week 10 at the Chargers, Gainwell had no carries for the first time all year.

Add in this order:

On a bye: Michael Pittman , Alec Pierce , Josh Downs , and Chris Olave . Injuries: Davante Adams (oblique), Garrett Wilson (knee), Brian Thomas Jr. (ankle), Terry McLaurin (quadriceps), Kayshon Boutte (hamstring), Chris Godwin (leg), Ricky Pearsall (knee), Matthew Golden (shoulder), Calvin Ridley (hamstring), Marvin Mims (concussion), Tory Horton (groin), Mike Evans (collarbone), Travis Hunter (knee), Jayden Reed (collarbone), Brandon Aiyuk (knee) and Jalen McMillan (neck). Check to see if available in shallow leagues: Rashid Shaheed (82 percent rostered), Jakobi Meyers (82 percent), Alec Pierce (73 percent), Tez Johnson (72 percent), Tre Tucker (69 percent), and Jauan Jennings (69 percent). Shaheed only had one catch for 3 yards on one target in Week 10 against Arizona in his first game with Seattle, but Sam Darnold only attempted 12 passes. I'm still planning to stash Shaheed where available to see what develops, especially in a potential shootout with the Rams in Week 11. ... Meyers' debut with the Jaguars wasn't great with three catches for 41 yards on three targets in Week 10 at Houston, but he's still worth stashing to see what develops, especially if Brian Thomas Jr. (ankle) remains out in Week 11 against the Chargers. ... Pierce is worth adding where available, even with the Colts on a bye in Week 11. He scored at least 17.5 PPR points in each of his past two games against Pittsburgh and Atlanta, and he has 20 targets over that span. He's become a go-to option for Daniel Jones, and Pierce should be considered a No. 3 Fantasy receiver when the Colts return to action in Week 12. ... Johnson only had five targets in Week 10 against New England, but he finished with four catches for 42 yards and two touchdowns. He's now scored at least 15.8 PPR points in two of his past three games, and Chris Godwin (leg) and Mike Evans (collarbone) aren't expected to play any time soon. Johnson should be considered a solid No. 3 Fantasy receiver heading into Week 11 at Buffalo. ... Tucker had a quiet outing in Week 10 at Denver with two catches for 28 yards on three targets in the first game without Meyers in Las Vegas, but Tucker should perform better moving forward, especially in Week 11 against Dallas. I want to stash Tucker in all leagues, and he could be a potential No. 3 Fantasy option against the Cowboys. ... Jennings is worth using as a borderline No. 2 receiver in the majority of leagues in Week 11 against Arizona after his performance in the past two games against the Giants and Rams. In those two outings, Jennings has combined for 10 catches for 112 yards and two touchdowns on 14 targets, and he scored at least 14.1 PPR points in each outing. We'll see what happens when Pearsall and Aiyuk are healthy, but that might not happen in Week 11. Jennings should be considered the No. 1 receiver for the 49ers until further notice. Drop candidates: Ricky Pearsall (80 percent rostered), Chris Godwin (70 percent), and Kendrick Bourne (48 percent). Pearsall has been out since Week 4 and hasn't practiced for more than a month. We don't know when he's going to return, and it's safe to drop him at this point if you need the roster space. ... Godwin isn't expected to return until the end of November or early December, which means we might not see him until Week 13 or 14. Given the uncertainty of his status and his lack of production when healthy this season, it's safe to drop him in the majority of leagues. ... Bourne had one catch for 19 yards on one target in Week 10 against the Rams. He's now scored 7.4 PPR points or less in four games in a row, and he's not worth rostering in the majority of leagues.

Add in this order:

On a bye: Tyler Warren and Juwan Johnson Injuries: Oronde Gadsden II (knee), Dalton Kincaid (hamstring), Darren Waller (pectoral), Mike Gesicki (pectoral), and Brenton Strange (quadriceps). Check to see if available in shallow leagues: Harold Fannin Jr . (73 percent rostered), Cade Otton (71 percent), and Theo Johnson (68 percent). Fannin only had four catches for 44 yards in Week 10 at the Jets , but he had seven targets. He now has at least seven targets in three of his past four games, and he should continue to be a focal point of Cleveland's offense. He's worth using as a low-end starter in all leagues against the Ravens in Week 12. ... Otton was awesome in Week 10 against New England with nine catches for 82 yards on 12 targets. He has now scored at least 10.1 PPR points in four of his past five games, including two games over that span with at least 13.5 PPR points. Otton should be considered a must-start Fantasy tight end as long as Mike Evans (collarbone) and Chris Godwin (leg) remain out. ... Johnson had a solid outing in Week 10 at Chicago with seven catches for 75 yards on eight targets, and he has now scored at least 10.7 PPR points in five of his past seven games, including two in a row. We'll see who starts at quarterback for the Giants in Week 11 against Green Bay, with Jaxson Dart (concussion) hurt, but Johnson should be considered a low-end starter in all leagues, even if it's Russell Wilson or Jameis Winston under center against the Packers . Drop candidates: Hunter Henry (75 percent rostered), T.J. Hockenson (69 percent), and Evan Engram (54 percent). Henry had a miserable game in Week 10 at Tampa Bay with one catch for 9 yards on four targets. He's now scored 9.1 PPR points or less in six games in a row, with one touchdown over that span. Henry is not worth trusting in most formats in Week 11 against the Jets. ... Hockenson has played four games with J.J. McCarthy , and Hockenson has four targets or less in each outing. He's been held to 15 yards or less in each of those games, with one touchdown. There's little reason to trust Hockenson in the majority of leagues heading into Week 11 against Chicago if McCarthy is not going to give him more chances to succeed. ... Engram has combined for 3.2 PPR points in his past two games against Houston and Las Vegas with two catches for 12 yards on eight targets. He has scored 7.6 PPR points or less in three games in a row, and Engram is not worth trusting in most leagues in Week 11 against the Chiefs .

Add in this order:"
CBS Sports,Fantasy Football Week 10 Sleepers: Jameson Williams likely to breakout vs. struggling Commanders secondary,https://www.cbssports.com/fantasy/football/news/fantasy-football-week-10-sleepers-jameson-williams-likely-to-breakout-vs-struggling-commanders-secondary/,ByJamey Eisenberg,2025-11-07 23:35:54 UTC,,"Jameson Williams has been a frustrating Fantasy receiver so far this year, but hopefully, he can finish the season strong. He's worth taking a chance on in Week 10 as a No. 3 Fantasy receiver with upside given his matchup at Washington. The Commanders are No. 5 in most Fantasy points allowed to opposing receivers for the season, but they are No. 2 in the past three weeks. In Washington's past three games against Dallas, Kansas City, and Seattle, those receivers combined for 40 catches for 637 yards and five touchdowns on 51 targets, with George Pickens , CeeDee Lamb , Rashee Rice , Jaxon Smith-Njigba , Tory Horton , and Cody White all scoring at least 12.2 PPR points. Williams only has three games this season with double digits in PPR, but two of them have happened in his past three games. He had six catches for 66 yards and a touchdown on seven targets in Week 6 at Kansas City, and he scored 18.6 PPR points. And he scored 16.6 PPR points in Week 9 against Minnesota with four catches for 66 yards and a touchdown on six targets. The problem is the game in between those two outings in Week 7 against Tampa Bay, when he had no catches on two targets. And the inconsistent performances for Williams have been consistently frustrating, which is the problem for Fantasy managers. But given the matchup at Washington, I'm willing to take a chance on Williams as a starter in three-receiver leagues or as a flex in two-receiver formats. He will hopefully deliver another solid stat line against the Commanders and start to play on a consistently high level heading into the Fantasy playoffs."
CBS Sports,Fantasy Football Week 10 breakouts: Jalen Nailor finds rhythm with J.J. McCarthy,https://www.cbssports.com/fantasy/football/news/fantasy-football-week-10-breakouts-early-waiver-wire/,ByDan Schneier,2025-11-10 00:28:05 UTC,,"In Week 10, several players jumped on the Fantasy Football radar. This could be the start of something special for some of these players, and you'll want to get well ahead of your Week 11 Fantasy Football waiver wire by putting these players on your radar. For more on every player we discuss below, you'll want to make sure to check out Jamey Eisenberg's in-depth waiver wire column on Monday afternoon.

With J.J. McCarthy at quarterback, the Vikings pass attack has a brand new look and feel. That hasn't meant good things for Justin Jefferson so far. Or Jordan Addison . But McCarthy has had no trouble getting to Nailor on those rail routes. Nailor was one of the most productive Fantasy Football wide receivers in Week 10. He racked up 124 receiving yards on five receptions and scored a touchdown. He also saw six targets. Keep an eye on McCarthy's developing rapport with Nailor as McCarthy is set to be the starting quarterback for the rest of the season. Nailor has flashed in the past on waiver wires but has not developed a consistency to stick.

Williams was a Beyond the Boxscore favorite for both Jacob Gibbs and me as we couldn't get enough of his college tape at Washington State. Williams was viewed by some NFL circles as a slot-only receiver option, causing him to fall slightly in the draft, but his 4.4 speed is real. He can threaten defenses vertically in addition to creating separation with plus route running, quickness, and lateral agility. Earlier this week, the Patriots coaching staff confirmed Williams would get more opportunities in Week 10 with Kayshon Boutte out. Williams saw just two targets but he turned one of them into a 72-yard touchdown on a deep over route crossing across the middle. He showed off speed and explosiveness that might make the Patriots coaching staff second guess taking him off the field in the second half of the 2025 season.

The Bears drafted Burden to be a playmaker in their offense and there were some Fantasy Football analysts who projected he might take the Amon-Ra St. Brown role in Ben Johnson's offense. He hasn't been able to find steady playing time just yet, but with another dropped pass from Olamide Zaccheaus , Burden might be inching closer to taking over his role in the Bears offense. Burden is an explosive weapon who turned his three targets in Week 10 into 51 yards receiving on three receptions.

Well that was unexpected! Shough found a rhythm in Week 10 and showed off an impressive ability to operate Kellen Moore's offense. He averaged over 10 yards per attempt (10.4) -- pheonemal for any quarterback let alone a rookie. He developed a rapport and found rhythm throwing to his No. 1 receiver that he struggled to get on the same page with last week in Chris Olave . Shough and Olave connected on five-of-eight targets for 104 yards and a touchdown. This included a beautiful 62-yard shot play to Olave. After losing Rashid Shaheeh (trade), Shough was able to lean on Olave and Juwan Johnson to the tune of 196 yards combine. Shough finished with 282 passing yards, two touchdowns and no interceptions.

All Allgeier does is convert touchdowns, run hard and put together productive gains when given opportunities. At this point it's not an abberation -- it's a trend -- Allgeier is the red zone back. He continues to outtouch Bijan Robinson in red zone situations. And he converts. Allgeir is worth stashing on your bench in all leagues.

Hollins continues to play a larger role in the Patriots offense tahn just about anyone projected. In Week 10, he led all Patriots receivers with a whopping 10 targets. His size on the outside is a massive plus for New England in their run game so I expect he'll continue to earn the majority of snaps as one of the two boundary receivers in this scheme. Hollins turned his 10 targets into 106 receiving yards on six receptions. An 100-yard receiving game is nothing to overlook."
CBS Sports,"Fantasy football rankings, sleepers and streamers for Week 10 from proven NFL model",https://www.cbssports.com/fantasy/football/news/fantasy-football-rankings-picks-sleepers-streamers-week-10-start-sit-advice-strategy/,ByRoss Kelly,2025-11-09 17:11:27 UTC,,"The Chiefs and Cowboys are among the most popular franchises in the NFL, and they both also happen to be on a bye in Week 10. That creates some Fantasy football lineup challenges as well with Patrick Mahomes, George Pickens and Travis Kelce -- all among the leaders in Fantasy points at their respective positions -- out of the mix this week. Fantasy players did get some positive news on Friday, however, as James Cook (ankle) and Puka Nacua (rib) both didn't get injury designations, meaning both are good to go this week. However, the likes of C.J. Stroud (concussion), Brian Thomas Jr. (ankle) and Rhamondre Stevenson (toe) will be sidelined on Sunday.

There are also some big names coming off a bye who can be returned to lineups such as Jalen Hurts, Saquon Barkley, Baker Mayfield, A.J. Brown, Breece Hall -- who remained with the Jets despite trade rumors -- and Emeka Egbuka. Where should all those players factor in the Week 10 Fantasy football rankings? Before making your Week 10 Fantasy football picks, be sure to check out the Week 10 Fantasy football rankings from the proven computer model at SportsLine .

Bet on every NFL Week 10 game at DraftKings Sportsbook, where new users can target the DraftKings promo code , which offers $300 in bonus bets if your $5 initial wager wins + 3 months of NBA League Pass :

When it comes to ranking players, SportsLine's model beat human experts in Fantasy football for the past several seasons, especially when there were big differences in ranking. Over the course of a season, that could literally be the difference between winning your league or going home empty-handed.

The same model has a proven track record providing Fantasy football tips, including being ahead of the curve on players like A.J. Brown, Jonathan Taylor, Derrick Henry, Christian McCaffrey, Alvin Kamara and Jahmyr Gibbs. Anybody who banked on players like those could have made a run at their league title.

Now, the model, which simulates every NFL game 10,000 times, has revealed its Fantasy football rankings for Week 10 of the 2025 NFL season. Head to SportsLine now to see them .

New users can also check out the latest FanDuel promo code and get $150 in bonus bets instantly at FanDuel if your $5 bet wins .

One surprise in Week 10: The model is fading Patriots receiver Stefon Diggs, a four-time Pro Bowler who ranks as the WR14 over the last six weeks. Despite that, he may not warrant a spot in Week 10 Fantasy football lineups as he sits outside the top 30 in WR rankings. Diggs has salvaged his Fantasy value over the last two weeks with a touchdown in each game, but he had only 52 total yards and three catches in each. Over his last four games, the veteran is averaging just 37.3 receiving yards, and for the season, Diggs has only two games with at least 70 yards.

The Patriots are seeing their younger receivers, namely Pop Douglas and Kayshon Boutte, emerge as each player has more touchdown catches than Diggs' pair on the season. Additionally, Diggs doesn't have the best Week 10 matchup versus Tampa, which has done a good job at keeping receivers out of the endzone. Over the last 14 touchdowns scored against the Bucs, just three of them have come via wideouts, as Diggs is a player to fade this week.

Another curveball: The model is high on Giants quarterback Jaxson Dart, who is being started in fewer than half of Fantasy leagues. The rookie has rushing touchdowns in each of his last four games and also has a 7:1 TD:INT over that stretch. Dart's legs are one of his biggest Fantasy assets as only Jayden Daniels is averaging more rushing yards per start, amongst quarterbacks, and only Josh Allen has more rushing touchdowns at the position.

On Sunday, he gets to face one of the most Fantasy-friendly defenses to running quarterbacks as just six teams allow more rushing yards per game to QBs than the Bears. Chicago was also shredded thru the air by Joe Flacco on Sunday, to the tune of 470 passing yards and four touchdowns. With Chicago having the No. 29 scoring defense and ranking 25th versus the pass, Dart finds himself in the top 10 of positional rankings. For more start/sit Fantasy football advice, be sure to check out the rest of the Week 10 Fantasy football rankings .

New users can also target the latest Underdog promo code , good for $100 in bonus entries when you play $5 with the promo code CBSSPORTS2 in select states.

The model is also calling for a surprising tight end you aren't even thinking about to finish in the top eight of its Week 10 Fantasy football rankings. This pick could be the difference between winning big and going home with nothing. See the model's entire Week 10 Fantasy football rankings for PPR and standard leagues here .

So who should you start and sit this week, and which surprising tight end could lead you to victory? Visit SportsLine now to get Week 10 Fantasy football rankings for every position, plus see which tight end is going to come out of nowhere to crack the top eight, all from the model that has outperformed experts big-time ."
CBS Sports,Fantasy Football 2025 Week 10 Non-PPR Cheat Sheet: Player ratings to guide your toughest lineup calls,https://www.cbssports.com/fantasy/football/news/fantasy-football-2025-week-10-non-ppr-cheat-sheet-player-ratings-to-guide-your-toughest-lineup-calls/,ByDave Richard,2025-11-07 21:19:00 UTC,,"The Lineup Cheat Sheet was created so that you could get quick answers to your Fantasy start/sit questions with the analysis already built in. For detailed rationale, check out my latest content , including my weekly Lineup Decisions column. What do the numbers mean?

All of my analyses from the week, from data points to matchup outlooks to game-flow predictions, are basically represented by a number on a confidence scale from 1-10. The higher the number next to a player's name, the more confident I am that you should start him. The numbers are not a projection, just a confidence score to help you pick who to start. Every relevant player for this week is here, so if a player isn't listed, don't start him. To find a specific player, use your search function -- CTRL-F on PCs and Command-F on Macs. If neither of those are options, or if you're on a mobile device, you can scroll by game. If you're still unsure, just send a note on X.com ( @daverichard ) and I'll give it a look, time permitting. Remember to use the #AskFFT hashtag! If you're reading this on Sunday, please refer to our weekly rankings , which are updated in real time. Ready to get off on the right foot? Here's how to approach every play for this week in Non-PPR leagues. And you can find our PPR cheat sheet ."
CBS Sports,"NFL Week 10 Fantasy Football Injury Report: Latest news and updates on D'Andre Swift, other lineup decisions",https://www.cbssports.com/fantasy/football/news/fantasy-football-week-10-injury-updates/,ByJuan Carlos Blanco,2025-11-09 15:09:00 UTC,,"The injury bug has returned with vengeance in Week 10, with the quarterback and receiver positions particularly hit hard. However, there are also a couple of notable returns on tap, as well as more good news than bad on players with questionable designations. Without further ado, let's look at the latest impact to fantasy lineups as of Sunday morning:

The Texans' Ka'imi Fairbairn (quadriceps) is out for Sunday's game against the Jaguars after missing practice all week. Matthew Wright, who was signed to the active roster Saturday and has already gone 1-for-1 on field-goal attempts and 2-for-2 on PATs for the Titans and Commanders this season, will serve as Houston's placekicker versus Jacksonville.

The Giants' Graham Gano (neck) is out for Sunday's game against the Bears after missing practice all week. In his absence, Younghoe Koo, who was promoted from the practice squad Saturday, will have a chance to attempt his first kick in the NFL for a team other than the Falcons while serving as New York's placekicker versus Chicago.

Cornerbacks

The Giants' Paulson Adebo (knee) remains out for Sunday's game against the Bears.

The Dolphins' Rasul Douglas (foot) is doubtful for Sunday's game against the Bills.

The Seahawks' Josh Jobe (concussion) is out for Sunday's game against the Cardinals.

The Bills' Taron Johnson (groin) is questionable for Sunday's game against the Dolphins.

The Cardinals' Will Johnson (groin) is out for Sunday's game against the Seahawks.

The Jaguars' Jourdan Lewis (neck) is out for Sunday's game against the Texans.

The Texans' Jalen Pitre (concussion) is out for Sunday's game against the Jaguars.

The Chargers' Tarheeb Still (knee) is doubtful for Sunday night's game against the Steelers.

Safeties

The Dolphins' Ashtyn Davis (quadriceps) is questionable for Sunday's game against the Bills.

The Commanders' Quan Martin (hamstring) is questionable for Sunday's game against the Lions.

The Steelers' Chuck Clark is off the injury report for Sunday night's game against the Chargers after a one-game absence due to an illness.

The Giants' Jevon Holland (knee) is questionable for Sunday's game against the Bears.

The Lions' Kerby Joseph (knee) remains out for Sunday's game against the Commanders.

Defensive Linemen

The Bills' A.J. Epenesa (concussion) is out for Sunday's game against the Dolphins.

The 49ers' Mykel Williams (knee) was placed on injured reserve Saturday, sidelining him the rest of the season.

The Colts' DeForest Buckner (neck) was placed on injured reserve Friday, sidelining him the next four games at minimum.

The Seahawks' Jarran Reed (wrist/thumb) was placed on injured reserve Saturday, sidelining him the next four games at minimum.

The 49ers' Bryce Huff is off the injury report for Sunday's game against the Rams after a two-game absence due to a hamstring injury.

Linebackers

The 49ers' Tatum Bethune (thigh) is questionable for Sunday's game against the Rams.

The Bears' T.J. Edwards (hand) is out for Sunday's game against the Giants.

The Patriots' Christian Elliss (hip) is out for Sunday's game against the Buccaneers.

The Seahawks' Ernest Jones (knee) is doubtful for Sunday's game against the Cardinals.

The Jets' Francisco Mauigoa (concussion) is questionable for Sunday's game against the Browns.

The Buccaneers' Haason Reddick (ankle) is out for Sunday's game against the Patriots.

The Browns' Carson Schwesinger (ankle) is questionable for Sunday's game against the Jets.

The Bills' Shaq Thompson (hamstring) remains out for Sunday's game against the Dolphins.

The Cardinals' Mack Wilson (ribs) is out for Sunday's game against the Seahawks.

The 49ers' Dee Winters (knee) is questionable for Sunday's game against the Rams."
CBS Sports,"Fantasy Football 2025 Week 10 DFS lineups: Jamey Eisenberg's most rostered, must have player on the slate",https://www.cbssports.com/fantasy/football/news/fantasy-football-2025-week-10-dfs-lineups-jamey-eisenbergs-most-rostered-must-have-player-on-the-slate/,ByJamey Eisenberg,2025-11-07 21:53:49 UTC,,"I nearly made Quinshon Judkins my Start of the Week for Week 10, and I'm expecting a big game from him at the Jets. He's one of my favorite DFS players for this scoring period.

Judkins is $6,500 on DraftKings and $7,600 on FanDuel, and he should dominate in this matchup. The Jets were already No. 11 in most Fantasy points allowed to opposing running backs before trading away standout defensive lineman Quinnen Williams to Dallas, and they allow 135.8 rushing yards per game for the season.

We weren't sure if Judkins would be 100 percent healthy coming into the week because he left Week 8 at New England with a shoulder injury, and the Browns had a bye in Week 9. But Judkins has practiced in full, and he will hopefully pick up where he left off.

Prior to getting hurt against the Patriots, Judkins had scored at least 13.8 PPR points in four of his previous five games, with five touchdowns over that span. This should be one of his best games of the season, and I'm excited to use Judkins in plenty of DFS lineups in Week 10.

For more of my DFS plays for Week 10, click on this link to SportsLine . And good luck to your DFS lineups for this week."
